Klaszter,Klaszter_ID,Elemszám (db),Elemszám (%),Átlag age,Átlag balance,Min age,Max age,Min balance,Max balance
Noise,-1,7811,17.27676892791577,45.717961848674946,4952.111893483549,18,95,-8019,102127
Cluster_17,17,1628,3.6008935878436663,32.0,412.63329238329237,32,32,-428,1787
Cluster_40,40,1438,3.1806418791886926,31.0,284.3970792767733,31,31,-367,1145
Cluster_2,2,1435,3.174006325894141,33.0,286.65644599303135,33,33,-424,1173
Cluster_3,3,1421,3.1430404105195637,35.0,354.82758620689657,35,35,-295,1397
Cluster_47,47,1369,3.0280241534139924,34.0,282.3959094229364,34,34,-374,1137
Cluster_24,24,1270,2.8090508946937693,36.0,331.8771653543307,36,36,-207,1207
Cluster_28,28,1180,2.609984295857203,37.0,349.1076271186441,37,37,-178,1241
Cluster_45,45,1083,2.395434739333348,30.0,254.65927977839334,30,30,-71,818
Cluster_21,21,1039,2.2981132910132493,39.0,328.09528392685274,39,39,-328,1281
Cluster_19,19,917,2.0282674570347927,40.0,356.0588876772083,40,40,-130,1270
Cluster_35,35,916,2.0260556059366084,38.0,304.2194323144105,38,38,-165,1042
Cluster_9,9,862,1.9066156466346684,29.0,305.8155452436195,29,29,-167,1035
Cluster_8,8,809,1.789387538430913,41.0,320.3547589616811,41,41,-147,1113
Cluster_13,13,763,1.6876423879144458,45.0,290.88990825688074,45,45,-264,1009
Cluster_5,5,747,1.6522527703435004,42.0,266.3319946452477,42,42,-215,879
Cluster_7,7,735,1.6257105571652917,43.0,243.9904761904762,43,43,-291,918
Cluster_1,1,682,1.5084824489615358,44.0,289.58357771260995,44,44,-102,994
Cluster_37,37,668,1.477516533586959,46.0,261.5523952095808,46,46,-100,810
Cluster_51,51,609,1.3470173187940988,48.0,308.62068965517244,48,48,-110,981
Cluster_4,4,608,1.3448054676959147,28.0,187.88322368421052,28,28,-134,599
Cluster_36,36,607,1.3425936165977306,47.0,278.4200988467875,47,47,-18,846
Cluster_46,46,577,1.2762380836522085,27.0,212.5060658578856,27,27,-152,740
Cluster_52,52,488,1.0793833359138263,26.0,236.1045081967213,26,26,-46,725
Cluster_26,26,467,1.0329344628519608,49.0,191.33404710920772,49,49,-75,523
Cluster_22,22,458,1.0130278029683042,52.0,223.98034934497818,52,52,-63,698
Cluster_29,29,409,0.9046470991572847,50.0,141.36919315403424,50,50,-111,433
Cluster_12,12,392,0.8670456304881555,51.0,135.7372448979592,51,51,-35,441
Cluster_10,10,362,0.8006900975426334,53.0,157.7596685082873,53,53,-46,493
Cluster_31,31,361,0.7984782464444494,55.0,182.93628808864267,55,55,-53,578
Cluster_30,30,356,0.787418990953529,54.0,203.0561797752809,54,54,-24,559
Cluster_27,27,345,0.7630886288735043,59.0,159.3449275362319,59,59,-23,575
Cluster_43,43,344,0.7608767777753201,56.0,174.59593023255815,56,56,-59,510
Cluster_11,11,340,0.7520293733825839,57.0,154.84117647058824,57,57,-40,530
Cluster_6,6,261,0.5772931366260423,58.0,116.75862068965517,58,58,-37,388
Cluster_18,18,246,0.5441153701532813,25.0,139.58130081300814,25,25,-23,407
Cluster_14,14,228,0.504302050385968,60.0,121.39912280701755,60,60,-14,420
Cluster_115,115,207,0.4578531773241025,30.0,1112.0966183574878,30,30,835,1510
Cluster_174,174,140,0.3096591537457698,34.0,1348.3857142857144,34,34,1156,1614
Cluster_16,16,117,0.2587865784875362,56.0,705.6153846153846,56,56,527,882
Cluster_15,15,111,0.24551547189843181,28.0,785.8108108108108,28,28,616,981
Cluster_84,84,108,0.23887991860387958,37.0,1452.9814814814815,37,37,1255,1672
Cluster_49,49,106,0.23445621640751144,55.0,801.7641509433962,55,55,602,1011
Cluster_103,103,96,0.21233770542567074,47.0,1076.2916666666667,47,47,863,1245
Cluster_147,147,90,0.19906659883656633,58.0,670.7666666666667,58,58,494,855
Cluster_99,99,88,0.19464289664019818,45.0,1233.909090909091,45,45,1028,1416
Cluster_359,359,85,0.18800734334564598,36.0,1361.964705882353,36,36,1224,1531
Cluster_72,72,85,0.18800734334564598,51.0,560.4235294117647,51,51,462,684
Cluster_241,241,83,0.18358364114927783,33.0,1331.710843373494,33,33,1190,1481
Cluster_71,71,81,0.1791599389529097,24.0,72.22222222222223,24,24,-10,192
Cluster_140,140,80,0.1769480878547256,53.0,655.0375,53,53,513,813
Cluster_130,130,80,0.1769480878547256,31.0,1275.975,31,31,1164,1422
Cluster_98,98,80,0.1769480878547256,30.0,-199.4375,30,30,-346,-93
Cluster_231,231,75,0.16588883236380525,49.0,662.2,49,49,543,790
Cluster_93,93,71,0.157041427971069,50.0,785.9577464788732,50,50,663,917
Cluster_117,117,69,0.15261772577470084,38.0,1388.8260869565217,38,38,1255,1533
Cluster_44,44,67,0.1481940235783327,41.0,1303.044776119403,41,41,1165,1428
Cluster_245,245,65,0.14377032138196455,50.0,539.6461538461539,50,50,451,642
Cluster_38,38,57,0.126075512596492,53.0,976.578947368421,53,53,828,1103
Cluster_440,440,56,0.12386366149830794,39.0,1378.25,39,39,1293,1473
Cluster_177,177,55,0.12165181040012386,57.0,648.6727272727272,57,57,561,753
Cluster_78,78,55,0.12165181040012386,42.0,1001.4727272727273,42,42,898,1093
Cluster_248,248,55,0.12165181040012386,41.0,1556.1090909090908,41,41,1445,1680
Cluster_225,225,50,0.11059255490920351,52.0,990.3,52,52,894,1089
Cluster_407,407,47,0.1039570016146513,51.0,895.0212765957447,51,51,788,994
Cluster_132,132,45,0.09953329941828316,42.0,-337.93333333333334,42,42,-437,-245
Cluster_69,69,45,0.09953329941828316,57.0,991.7111111111111,57,57,873,1119
Cluster_112,112,44,0.09732144832009909,31.0,1804.2954545454545,31,31,1709,1914
Cluster_348,348,44,0.09732144832009909,34.0,1721.3636363636363,34,34,1632,1826
Cluster_102,102,43,0.09510959722191502,52.0,1352.906976744186,52,52,1227,1466
Cluster_48,48,43,0.09510959722191502,38.0,1643.6976744186047,38,38,1555,1746
Cluster_81,81,43,0.09510959722191502,42.0,1327.0,42,42,1260,1406
Cluster_353,353,42,0.09289774612373095,25.0,504.8095238095238,25,25,425,594
Cluster_179,179,41,0.09068589502554687,49.0,1105.3170731707316,49,49,1019,1180
Cluster_60,60,39,0.08626219282917874,46.0,957.974358974359,46,46,916,1008
Cluster_173,173,39,0.08626219282917874,38.0,-275.56410256410254,38,38,-367,-196
Cluster_144,144,38,0.08405034173099467,36.0,1788.921052631579,36,36,1694,1876
Cluster_305,305,37,0.0818384906328106,49.0,922.3513513513514,49,49,848,999
Cluster_145,145,35,0.07741478843644245,43.0,1089.4857142857143,43,43,1017,1159
Cluster_80,80,33,0.07299108624007432,50.0,1564.7878787878788,50,50,1484,1629
Cluster_392,392,33,0.07299108624007432,28.0,1077.4242424242425,28,28,1010,1154
Cluster_23,23,32,0.07077923514189025,46.0,-188.0625,46,46,-287,-119
Cluster_74,74,32,0.07077923514189025,54.0,869.0,54,54,810,925
Cluster_53,53,31,0.06856738404370617,52.0,769.741935483871,52,52,722,826
Cluster_141,141,31,0.06856738404370617,33.0,1756.9032258064517,33,33,1697,1817
Cluster_283,283,31,0.06856738404370617,46.0,1324.0,46,46,1251,1410
Cluster_164,164,31,0.06856738404370617,38.0,1111.5806451612902,38,38,1063,1165
Cluster_126,126,31,0.06856738404370617,36.0,-296.258064516129,36,36,-355,-251
Cluster_222,222,30,0.0663555329455221,31.0,-453.4,31,31,-513,-405
Cluster_146,146,30,0.0663555329455221,44.0,-204.36666666666667,44,44,-264,-137
Cluster_204,204,30,0.0663555329455221,27.0,1087.5666666666666,27,27,1000,1187
Cluster_200,200,30,0.0663555329455221,31.0,1621.4666666666667,31,31,1565,1686
Cluster_32,32,29,0.06414368184733803,54.0,1332.344827586207,54,54,1279,1394
Cluster_525,525,29,0.06414368184733803,49.0,-171.86206896551724,49,49,-249,-96
Cluster_203,203,29,0.06414368184733803,35.0,1501.7586206896551,35,35,1453,1557
Cluster_377,377,29,0.06414368184733803,56.0,985.1034482758621,56,56,934,1062
Cluster_138,138,28,0.06193183074915397,31.0,2035.642857142857,31,31,1957,2104
Cluster_66,66,28,0.06193183074915397,59.0,928.5357142857143,59,59,865,1002
Cluster_337,337,27,0.059719979650969895,54.0,1014.4814814814815,54,54,943,1090
Cluster_221,221,27,0.059719979650969895,23.0,11.25925925925926,23,23,0,43
Cluster_319,319,27,0.059719979650969895,26.0,793.2222222222222,26,26,744,834
Cluster_265,265,27,0.059719979650969895,39.0,1546.6296296296296,39,39,1492,1601
Cluster_520,520,27,0.059719979650969895,37.0,1748.111111111111,37,37,1689,1796
Cluster_191,191,26,0.05750812855278583,44.0,1065.1153846153845,44,44,1012,1109
Cluster_195,195,26,0.05750812855278583,27.0,812.6923076923077,27,27,760,843
Cluster_56,56,26,0.05750812855278583,51.0,1165.0,51,51,1113,1216
Cluster_471,471,26,0.05750812855278583,27.0,924.0,27,27,861,980
Cluster_108,108,25,0.05529627745460176,37.0,-283.6,37,37,-356,-224
Cluster_82,82,25,0.05529627745460176,46.0,857.96,46,46,829,897
Cluster_54,54,25,0.05529627745460176,44.0,1343.92,44,44,1305,1397
Cluster_383,383,24,0.053084426356417684,32.0,1842.875,32,32,1804,1883
Cluster_70,70,24,0.053084426356417684,24.0,401.9583333333333,24,24,358,456
Cluster_294,294,24,0.053084426356417684,48.0,1552.3333333333333,48,48,1492,1600
Cluster_452,452,24,0.053084426356417684,35.0,2771.9166666666665,35,35,2707,2830
Cluster_700,700,24,0.053084426356417684,59.0,1068.4583333333333,59,59,1021,1121
Cluster_389,389,23,0.05087257525823362,60.0,483.0869565217391,60,60,438,523
Cluster_39,39,23,0.05087257525823362,55.0,1195.608695652174,55,55,1150,1241
Cluster_634,634,23,0.05087257525823362,35.0,1723.1304347826087,35,35,1684,1772
Cluster_25,25,23,0.05087257525823362,57.0,814.9130434782609,57,57,772,856
Cluster_197,197,23,0.05087257525823362,54.0,754.7391304347826,54,54,707,791
Cluster_444,444,23,0.05087257525823362,30.0,1675.7391304347825,30,30,1622,1724
Cluster_293,293,23,0.05087257525823362,40.0,1531.8695652173913,40,40,1498,1576
Cluster_296,296,22,0.048660724160049545,41.0,2069.9545454545455,41,41,2002,2127
Cluster_431,431,22,0.048660724160049545,36.0,1983.3636363636363,36,36,1923,2054
Cluster_64,64,22,0.048660724160049545,22.0,26.90909090909091,22,22,-7,83
Cluster_216,216,22,0.048660724160049545,25.0,675.4545454545455,25,25,612,722
Cluster_304,304,22,0.048660724160049545,33.0,1622.909090909091,33,33,1585,1674
Cluster_379,379,22,0.048660724160049545,58.0,914.3181818181819,58,58,879,950
Cluster_718,718,22,0.048660724160049545,54.0,1158.3636363636363,54,54,1111,1213
Cluster_139,139,22,0.048660724160049545,35.0,1831.2727272727273,35,35,1780,1880
Cluster_176,176,22,0.048660724160049545,26.0,-113.04545454545455,26,26,-168,-67
Cluster_167,167,21,0.04644887306186547,33.0,1945.904761904762,33,33,1883,2000
Cluster_273,273,21,0.04644887306186547,24.0,519.6190476190476,24,24,474,578
Cluster_780,780,21,0.04644887306186547,38.0,1959.3809523809523,38,38,1906,2012
Cluster_643,643,21,0.04644887306186547,35.0,2328.5714285714284,35,35,2277,2387
Cluster_633,633,21,0.04644887306186547,26.0,1114.095238095238,26,26,1050,1187
Cluster_234,234,21,0.04644887306186547,36.0,1585.8095238095239,36,36,1548,1619
Cluster_572,572,21,0.04644887306186547,28.0,1370.4761904761904,28,28,1323,1428
Cluster_79,79,20,0.0442370219636814,40.0,-344.1,40,40,-396,-306
Cluster_672,672,20,0.0442370219636814,53.0,1369.45,53,53,1343,1421
Cluster_538,538,20,0.0442370219636814,42.0,1534.25,42,42,1493,1563
Cluster_410,410,20,0.0442370219636814,45.0,1522.7,45,45,1477,1558
Cluster_186,186,20,0.0442370219636814,43.0,1432.65,43,43,1375,1495
Cluster_150,150,20,0.0442370219636814,48.0,1242.6,48,48,1199,1296
Cluster_181,181,20,0.0442370219636814,51.0,729.2,51,51,700,771
Cluster_243,243,20,0.0442370219636814,31.0,2339.4,31,31,2287,2398
Cluster_270,270,20,0.0442370219636814,32.0,1975.35,32,32,1940,2018
Cluster_316,316,20,0.0442370219636814,45.0,1799.2,45,45,1757,1847
Cluster_205,205,19,0.042025170865497334,29.0,-224.3684210526316,29,29,-271,-191
Cluster_68,68,19,0.042025170865497334,39.0,-392.63157894736844,39,39,-455,-342
Cluster_92,92,19,0.042025170865497334,58.0,441.10526315789474,58,58,407,474
Cluster_85,85,19,0.042025170865497334,60.0,580.421052631579,60,60,544,631
Cluster_501,501,19,0.042025170865497334,31.0,1516.6315789473683,31,31,1475,1545
Cluster_335,335,18,0.03981331976731326,43.0,968.1666666666666,43,43,938,999
Cluster_165,165,18,0.03981331976731326,55.0,1531.2222222222222,55,55,1498,1580
Cluster_376,376,18,0.03981331976731326,40.0,1714.6666666666667,40,40,1666,1759
Cluster_187,187,18,0.03981331976731326,34.0,1889.111111111111,34,34,1831,1943
Cluster_202,202,18,0.03981331976731326,28.0,-205.77777777777777,28,28,-247,-156
Cluster_220,220,18,0.03981331976731326,36.0,-501.72222222222223,36,36,-559,-453
Cluster_312,312,18,0.03981331976731326,42.0,2130.8333333333335,42,42,2095,2157
Cluster_198,198,18,0.03981331976731326,25.0,782.7777777777778,25,25,758,815
Cluster_689,689,18,0.03981331976731326,51.0,1567.8333333333333,51,51,1521,1613
Cluster_611,611,18,0.03981331976731326,45.0,2060.8888888888887,45,45,2020,2100
Cluster_75,75,18,0.03981331976731326,46.0,-355.1666666666667,46,46,-408,-319
Cluster_86,86,18,0.03981331976731326,43.0,1221.1666666666667,43,43,1187,1264
Cluster_170,170,18,0.03981331976731326,30.0,1799.5555555555557,30,30,1761,1846
Cluster_508,508,17,0.03760146866912919,44.0,1232.235294117647,44,44,1195,1286
Cluster_478,478,17,0.03760146866912919,33.0,1528.235294117647,33,33,1499,1558
Cluster_453,453,17,0.03760146866912919,39.0,1968.764705882353,39,39,1951,1986
Cluster_350,350,17,0.03760146866912919,42.0,1143.764705882353,42,42,1113,1179
Cluster_152,152,17,0.03760146866912919,29.0,1360.764705882353,29,29,1311,1395
Cluster_356,356,17,0.03760146866912919,40.0,1837.9411764705883,40,40,1802,1876
Cluster_425,425,17,0.03760146866912919,34.0,2047.0588235294117,34,34,2015,2093
Cluster_116,116,17,0.03760146866912919,41.0,-405.05882352941177,41,41,-459,-365
Cluster_346,346,17,0.03760146866912919,44.0,1795.0,44,44,1752,1823
Cluster_323,323,17,0.03760146866912919,50.0,-179.2941176470588,50,50,-232,-130
Cluster_370,370,17,0.03760146866912919,60.0,847.8235294117648,60,60,791,894
Cluster_861,861,17,0.03760146866912919,32.0,3305.176470588235,32,32,3255,3367
Cluster_668,668,16,0.03538961757094512,61.0,2.0625,61,61,0,11
Cluster_650,650,16,0.03538961757094512,38.0,1205.625,38,38,1187,1230
Cluster_55,55,16,0.03538961757094512,53.0,1157.3125,53,53,1126,1203
Cluster_129,129,16,0.03538961757094512,35.0,-507.6875,35,35,-566,-461
Cluster_461,461,16,0.03538961757094512,32.0,2685.0,32,32,2664,2711
Cluster_420,420,16,0.03538961757094512,30.0,3111.25,30,30,3086,3156
Cluster_432,432,16,0.03538961757094512,37.0,2056.0625,37,37,2016,2089
Cluster_20,20,16,0.03538961757094512,44.0,-395.5625,44,44,-448,-357
Cluster_300,300,16,0.03538961757094512,57.0,1167.625,57,57,1142,1198
Cluster_260,260,16,0.03538961757094512,52.0,2248.8125,52,52,2206,2290
Cluster_307,307,16,0.03538961757094512,60.0,741.3125,60,60,703,781
Cluster_206,206,16,0.03538961757094512,24.0,260.6875,24,24,228,304
Cluster_365,365,16,0.03538961757094512,23.0,501.625,23,23,480,537
Cluster_196,196,16,0.03538961757094512,49.0,1870.1875,49,49,1830,1916
Cluster_199,199,16,0.03538961757094512,37.0,1968.0625,37,37,1941,1995
Cluster_88,88,16,0.03538961757094512,46.0,1703.0625,46,46,1660,1740
Cluster_101,101,16,0.03538961757094512,43.0,1327.6875,43,43,1288,1358
Cluster_447,447,16,0.03538961757094512,26.0,978.5625,26,26,940,1028
Cluster_384,384,16,0.03538961757094512,22.0,117.875,22,22,103,148
Cluster_378,378,15,0.03317776647276105,47.0,1725.5333333333333,47,47,1692,1765
Cluster_276,276,15,0.03317776647276105,50.0,1304.2,50,50,1260,1347
Cluster_788,788,15,0.03317776647276105,57.0,1297.0,57,57,1269,1318
Cluster_266,266,15,0.03317776647276105,59.0,620.6666666666666,59,59,593,646
Cluster_67,67,15,0.03317776647276105,30.0,2572.3333333333335,30,30,2530,2616
Cluster_418,418,15,0.03317776647276105,44.0,1142.2,44,44,1127,1161
Cluster_390,390,15,0.03317776647276105,48.0,1155.6666666666667,48,48,1131,1180
Cluster_94,94,15,0.03317776647276105,43.0,-483.8666666666667,43,43,-526,-441
Cluster_419,419,15,0.03317776647276105,35.0,1631.1333333333334,35,35,1599,1662
Cluster_446,446,15,0.03317776647276105,27.0,-215.26666666666668,27,27,-247,-172
Cluster_76,76,15,0.03317776647276105,32.0,2541.4666666666667,32,32,2502,2578
Cluster_676,676,15,0.03317776647276105,35.0,2456.866666666667,35,35,2415,2496
Cluster_149,149,15,0.03317776647276105,40.0,-218.86666666666667,40,40,-253,-186
Cluster_180,180,15,0.03317776647276105,46.0,1094.3333333333333,46,46,1069,1120
Cluster_382,382,15,0.03317776647276105,47.0,1474.2,47,47,1449,1506
Cluster_50,50,14,0.030965915374576984,23.0,91.57142857142857,23,23,66,113
Cluster_481,481,14,0.030965915374576984,35.0,2209.214285714286,35,35,2179,2251
Cluster_635,635,14,0.030965915374576984,54.0,2219.3571428571427,54,54,2177,2255
Cluster_172,172,14,0.030965915374576984,34.0,2166.5,34,34,2126,2211
Cluster_450,450,14,0.030965915374576984,31.0,3313.1428571428573,31,31,3283,3343
Cluster_311,311,14,0.030965915374576984,44.0,2389.0,44,44,2340,2422
Cluster_275,275,14,0.030965915374576984,60.0,952.5,60,60,914,987
Cluster_299,299,14,0.030965915374576984,41.0,-205.92857142857142,41,41,-233,-190
Cluster_226,226,14,0.030965915374576984,50.0,1113.2857142857142,50,50,1088,1138
Cluster_347,347,14,0.030965915374576984,55.0,1101.7857142857142,55,55,1078,1126
Cluster_236,236,14,0.030965915374576984,22.0,367.7857142857143,22,22,330,410
Cluster_194,194,14,0.030965915374576984,51.0,-259.0,51,51,-287,-227
Cluster_151,151,14,0.030965915374576984,29.0,1092.5714285714287,29,29,1052,1135
Cluster_340,340,14,0.030965915374576984,54.0,625.2857142857143,54,54,582,658
Cluster_169,169,14,0.030965915374576984,40.0,1309.0,40,40,1289,1327
Cluster_523,523,14,0.030965915374576984,29.0,1584.5714285714287,29,29,1535,1615
Cluster_352,352,14,0.030965915374576984,30.0,1551.0714285714287,30,30,1527,1572
Cluster_1004,1004,13,0.028754064276392915,62.0,2.3076923076923075,62,62,0,13
Cluster_550,550,13,0.028754064276392915,34.0,2576.6153846153848,34,34,2542,2611
Cluster_518,518,13,0.028754064276392915,31.0,-561.0,31,31,-596,-535
Cluster_540,540,13,0.028754064276392915,49.0,1334.2307692307693,49,49,1304,1359
Cluster_408,408,13,0.028754064276392915,47.0,-314.7692307692308,47,47,-346,-287
Cluster_113,113,13,0.028754064276392915,34.0,2455.923076923077,34,34,2412,2495
Cluster_441,441,13,0.028754064276392915,32.0,2345.3846153846152,32,32,2313,2378
Cluster_424,424,13,0.028754064276392915,39.0,2625.6153846153848,39,39,2598,2666
Cluster_687,687,13,0.028754064276392915,58.0,1246.6923076923076,58,58,1227,1280
Cluster_486,486,13,0.028754064276392915,32.0,3170.153846153846,32,32,3136,3201
Cluster_354,354,13,0.028754064276392915,53.0,-189.23076923076923,53,53,-233,-162
Cluster_360,360,13,0.028754064276392915,59.0,686.5384615384615,59,59,667,712
Cluster_211,211,13,0.028754064276392915,25.0,1118.0,25,25,1098,1141
Cluster_178,178,13,0.028754064276392915,53.0,1783.8461538461538,53,53,1759,1797
Cluster_342,342,13,0.028754064276392915,46.0,1202.4615384615386,46,46,1167,1232
Cluster_338,338,13,0.028754064276392915,45.0,1955.4615384615386,45,45,1929,1992
Cluster_816,816,13,0.028754064276392915,34.0,2662.923076923077,34,34,2633,2700
Cluster_333,333,13,0.028754064276392915,43.0,1634.0,43,43,1612,1667
Cluster_306,306,13,0.028754064276392915,54.0,1465.0,54,54,1433,1502
Cluster_229,229,13,0.028754064276392915,25.0,-80.38461538461539,25,25,-121,-41
Cluster_264,264,12,0.026542213178208842,44.0,1440.0833333333333,44,44,1422,1467
Cluster_629,629,12,0.026542213178208842,39.0,1667.75,39,39,1646,1701
Cluster_459,459,12,0.026542213178208842,33.0,2736.9166666666665,33,33,2695,2780
Cluster_381,381,12,0.026542213178208842,49.0,1242.3333333333333,49,49,1202,1280
Cluster_983,983,12,0.026542213178208842,22.0,235.75,22,22,216,254
Cluster_314,314,12,0.026542213178208842,60.0,2062.4166666666665,60,60,2041,2090
Cluster_558,558,12,0.026542213178208842,42.0,1451.0833333333333,42,42,1430,1468
Cluster_556,556,12,0.026542213178208842,29.0,1439.25,29,29,1413,1457
Cluster_817,817,12,0.026542213178208842,56.0,1938.0833333333333,56,56,1906,1956
Cluster_288,288,12,0.026542213178208842,53.0,2247.6666666666665,53,53,2215,2272
Cluster_332,332,12,0.026542213178208842,40.0,1950.6666666666667,40,40,1927,1970
Cluster_490,490,12,0.026542213178208842,27.0,-419.4166666666667,27,27,-446,-392
Cluster_487,487,12,0.026542213178208842,51.0,-179.5,51,51,-206,-153
Cluster_313,313,12,0.026542213178208842,40.0,2637.6666666666665,40,40,2596,2679
Cluster_254,254,12,0.026542213178208842,59.0,3401.4166666666665,59,59,3353,3444
Cluster_156,156,12,0.026542213178208842,35.0,2138.5833333333335,35,35,2110,2161
Cluster_698,698,12,0.026542213178208842,56.0,1197.25,56,56,1167,1238
Cluster_210,210,12,0.026542213178208842,23.0,359.4166666666667,23,23,336,382
Cluster_189,189,12,0.026542213178208842,40.0,2145.8333333333335,40,40,2129,2172
Cluster_33,33,11,0.024330362080024773,48.0,-274.54545454545456,48,48,-314,-244
Cluster_237,237,11,0.024330362080024773,24.0,825.0909090909091,24,24,795,845
Cluster_675,675,11,0.024330362080024773,49.0,1695.2727272727273,49,49,1669,1730
Cluster_329,329,11,0.024330362080024773,51.0,1338.1818181818182,51,51,1315,1357
Cluster_585,585,11,0.024330362080024773,53.0,1301.7272727272727,53,53,1278,1319
Cluster_543,543,11,0.024330362080024773,27.0,1399.7272727272727,27,27,1372,1423
Cluster_448,448,11,0.024330362080024773,60.0,669.9090909090909,60,60,646,686
Cluster_213,213,11,0.024330362080024773,36.0,2170.3636363636365,36,36,2151,2195
Cluster_789,789,11,0.024330362080024773,47.0,3676.3636363636365,47,47,3644,3696
Cluster_531,531,11,0.024330362080024773,33.0,2068.090909090909,33,33,2044,2099
Cluster_279,279,11,0.024330362080024773,45.0,2412.4545454545455,45,45,2388,2433
Cluster_583,583,11,0.024330362080024773,52.0,2083.6363636363635,52,52,2063,2104
Cluster_302,302,11,0.024330362080024773,40.0,1399.090909090909,40,40,1380,1416
Cluster_285,285,11,0.024330362080024773,59.0,1554.8181818181818,59,59,1521,1585
Cluster_807,807,11,0.024330362080024773,32.0,2205.3636363636365,32,32,2172,2233
Cluster_592,592,11,0.024330362080024773,58.0,1310.5454545454545,58,58,1298,1333
Cluster_219,219,11,0.024330362080024773,23.0,293.54545454545456,23,23,272,318
Cluster_403,403,11,0.024330362080024773,28.0,1834.090909090909,28,28,1808,1861
Cluster_171,171,11,0.024330362080024773,35.0,-335.54545454545456,35,35,-371,-312
Cluster_375,375,11,0.024330362080024773,29.0,-500.8181818181818,29,29,-527,-475
Cluster_125,125,11,0.024330362080024773,46.0,2285.909090909091,46,46,2262,2313
Cluster_114,114,11,0.024330362080024773,52.0,-187.1818181818182,52,52,-211,-163
Cluster_269,269,11,0.024330362080024773,48.0,2236.181818181818,48,48,2201,2266
Cluster_148,148,11,0.024330362080024773,38.0,1819.2727272727273,38,38,1788,1852
Cluster_373,373,11,0.024330362080024773,51.0,1429.0,51,51,1414,1446
Cluster_612,612,11,0.024330362080024773,35.0,2978.181818181818,35,35,2953,3015
Cluster_617,617,10,0.0221185109818407,47.0,1373.6,47,47,1348,1388
Cluster_494,494,10,0.0221185109818407,60.0,-63.3,60,60,-85,-41
Cluster_328,328,10,0.0221185109818407,48.0,1093.5,48,48,1078,1108
Cluster_766,766,10,0.0221185109818407,32.0,2081.2,32,32,2044,2114
Cluster_252,252,10,0.0221185109818407,46.0,2507.2,46,46,2473,2533
Cluster_192,192,10,0.0221185109818407,47.0,1288.1,47,47,1265,1315
Cluster_488,488,10,0.0221185109818407,45.0,-308.7,45,45,-322,-288
Cluster_507,507,10,0.0221185109818407,25.0,1182.9,25,25,1163,1199
Cluster_253,253,10,0.0221185109818407,26.0,-213.3,26,26,-236,-188
Cluster_530,530,10,0.0221185109818407,38.0,2347.5,38,38,2322,2368
Cluster_91,91,10,0.0221185109818407,42.0,1681.1,42,42,1654,1713
Cluster_90,90,10,0.0221185109818407,38.0,4318.3,38,38,4293,4336
Cluster_639,639,10,0.0221185109818407,28.0,-491.4,28,28,-522,-457
Cluster_42,42,10,0.0221185109818407,59.0,2366.7,59,59,2342,2396
Cluster_58,58,10,0.0221185109818407,51.0,2116.9,51,51,2085,2156
Cluster_77,77,10,0.0221185109818407,58.0,1398.5,58,58,1382,1425
Cluster_644,644,10,0.0221185109818407,33.0,2366.6,33,33,2358,2376
Cluster_649,649,10,0.0221185109818407,50.0,1836.7,50,50,1811,1859
Cluster_655,655,10,0.0221185109818407,28.0,1588.3,28,28,1579,1609
Cluster_259,259,10,0.0221185109818407,32.0,3829.7,32,32,3809,3850
Cluster_257,257,10,0.0221185109818407,52.0,1633.2,52,52,1618,1648
Cluster_185,185,10,0.0221185109818407,31.0,-724.5,31,31,-759,-692
Cluster_594,594,10,0.0221185109818407,43.0,1804.3,43,43,1781,1825
Cluster_239,239,10,0.0221185109818407,36.0,-404.1,36,36,-435,-381
Cluster_143,143,10,0.0221185109818407,34.0,2299.2,34,34,2279,2321
Cluster_411,411,10,0.0221185109818407,21.0,221.5,21,21,200,243
Cluster_705,705,10,0.0221185109818407,40.0,2254.6,40,40,2226,2284
Cluster_128,128,10,0.0221185109818407,44.0,-308.0,44,44,-337,-289
Cluster_771,771,10,0.0221185109818407,25.0,945.0,25,25,931,963
Cluster_703,703,10,0.0221185109818407,49.0,1797.0,49,49,1769,1811
Cluster_750,750,10,0.0221185109818407,47.0,-63.4,47,47,-81,-49
Cluster_769,769,10,0.0221185109818407,43.0,-408.3,43,43,-423,-391
Cluster_336,336,10,0.0221185109818407,48.0,1739.1,48,48,1724,1764
Cluster_123,123,10,0.0221185109818407,57.0,1618.7,57,57,1592,1640
Cluster_215,215,10,0.0221185109818407,31.0,2593.9,31,31,2577,2616
Cluster_41,41,9,0.01990665988365663,43.0,1931.111111111111,43,43,1916,1943
Cluster_310,310,9,0.01990665988365663,47.0,1556.3333333333333,47,47,1533,1573
Cluster_802,802,9,0.01990665988365663,32.0,2837.6666666666665,32,32,2802,2870
Cluster_574,574,9,0.01990665988365663,29.0,1275.7777777777778,29,29,1258,1296
Cluster_262,262,9,0.01990665988365663,27.0,1298.888888888889,27,27,1277,1327
Cluster_256,256,9,0.01990665988365663,45.0,-390.55555555555554,45,45,-407,-357
Cluster_272,272,9,0.01990665988365663,60.0,1400.2222222222222,60,60,1369,1433
Cluster_606,606,9,0.01990665988365663,40.0,1605.7777777777778,40,40,1584,1623
Cluster_87,87,9,0.01990665988365663,46.0,1931.6666666666667,46,46,1906,1950
Cluster_499,499,9,0.01990665988365663,32.0,1912.3333333333333,32,32,1900,1923
Cluster_541,541,9,0.01990665988365663,47.0,-498.1111111111111,47,47,-535,-468
Cluster_224,224,9,0.01990665988365663,23.0,230.77777777777777,23,23,206,252
Cluster_874,874,9,0.01990665988365663,33.0,2464.8888888888887,33,33,2441,2485
Cluster_511,511,9,0.01990665988365663,47.0,-233.88888888888889,47,47,-246,-213
Cluster_521,521,9,0.01990665988365663,36.0,4594.777777777777,36,36,4576,4613
Cluster_515,515,9,0.01990665988365663,37.0,-489.1111111111111,37,37,-510,-475
Cluster_654,654,9,0.01990665988365663,38.0,2460.0,38,38,2442,2472
Cluster_979,979,9,0.01990665988365663,67.0,702.3333333333334,67,67,694,714
Cluster_506,506,9,0.01990665988365663,34.0,-453.44444444444446,34,34,-480,-422
Cluster_793,793,9,0.01990665988365663,46.0,1590.2222222222222,46,46,1568,1605
Cluster_791,791,9,0.01990665988365663,61.0,86.88888888888889,61,61,76,103
Cluster_500,500,9,0.01990665988365663,30.0,2162.3333333333335,30,30,2143,2191
Cluster_324,324,9,0.01990665988365663,52.0,1509.7777777777778,52,52,1490,1541
Cluster_122,122,9,0.01990665988365663,51.0,-71.11111111111111,51,51,-101,-55
Cluster_183,183,9,0.01990665988365663,57.0,1228.5555555555557,57,57,1216,1244
Cluster_715,715,9,0.01990665988365663,39.0,2308.5555555555557,39,39,2288,2321
Cluster_455,455,9,0.01990665988365663,32.0,2978.8888888888887,32,32,2974,2996
Cluster_95,95,9,0.01990665988365663,46.0,1035.7777777777778,46,46,1028,1045
Cluster_193,193,9,0.01990665988365663,41.0,-319.1111111111111,41,41,-333,-298
Cluster_208,208,9,0.01990665988365663,30.0,-385.0,30,30,-397,-366
Cluster_106,106,9,0.01990665988365663,61.0,188.0,61,61,173,211
Cluster_467,467,9,0.01990665988365663,27.0,1609.4444444444443,27,27,1595,1636
Cluster_475,475,9,0.01990665988365663,33.0,2299.8888888888887,33,33,2279,2321
Cluster_142,142,9,0.01990665988365663,49.0,1397.3333333333333,49,49,1377,1430
Cluster_940,940,9,0.01990665988365663,26.0,1224.4444444444443,26,26,1200,1256
Cluster_937,937,9,0.01990665988365663,47.0,2289.222222222222,47,47,2261,2322
Cluster_737,737,9,0.01990665988365663,58.0,2725.5555555555557,58,58,2690,2747
Cluster_729,729,9,0.01990665988365663,38.0,2269.4444444444443,38,38,2240,2299
Cluster_400,400,9,0.01990665988365663,52.0,1799.3333333333333,52,52,1781,1818
Cluster_188,188,9,0.01990665988365663,47.0,-111.33333333333333,47,47,-130,-98
Cluster_163,163,9,0.01990665988365663,46.0,2034.3333333333333,46,46,2017,2052
Cluster_746,746,9,0.01990665988365663,37.0,2688.5555555555557,37,37,2657,2722
Cluster_385,385,9,0.01990665988365663,29.0,1173.6666666666667,29,29,1165,1186
Cluster_755,755,9,0.01990665988365663,35.0,2658.6666666666665,35,35,2643,2688
Cluster_190,190,9,0.01990665988365663,53.0,-122.66666666666667,53,53,-139,-102
Cluster_386,386,9,0.01990665988365663,24.0,-230.22222222222223,24,24,-256,-192
Cluster_368,368,9,0.01990665988365663,61.0,279.8888888888889,61,61,264,296
Cluster_369,369,9,0.01990665988365663,43.0,2583.4444444444443,43,43,2557,2616
Cluster_387,387,9,0.01990665988365663,37.0,2186.3333333333335,37,37,2152,2211
Cluster_595,595,9,0.01990665988365663,58.0,1005.4444444444445,58,58,983,1025
Cluster_251,251,8,0.01769480878547256,59.0,1876.0,59,59,1857,1896
Cluster_358,358,8,0.01769480878547256,55.0,-190.375,55,55,-219,-157
Cluster_999,999,8,0.01769480878547256,25.0,1857.625,25,25,1833,1871
Cluster_609,609,8,0.01769480878547256,47.0,1802.875,47,47,1784,1819
Cluster_620,620,8,0.01769480878547256,51.0,1072.375,51,51,1052,1096
Cluster_598,598,8,0.01769480878547256,42.0,1613.875,42,42,1598,1628
Cluster_421,421,8,0.01769480878547256,35.0,3177.375,35,35,3160,3188
Cluster_734,734,8,0.01769480878547256,48.0,1801.5,48,48,1778,1819
Cluster_727,727,8,0.01769480878547256,54.0,1621.75,54,54,1598,1636
Cluster_154,154,8,0.01769480878547256,47.0,1870.375,47,47,1851,1890
Cluster_137,137,8,0.01769480878547256,46.0,1481.375,46,46,1465,1497
Cluster_133,133,8,0.01769480878547256,49.0,3636.0,49,49,3608,3659
Cluster_748,748,8,0.01769480878547256,52.0,1708.375,52,52,1697,1727
Cluster_162,162,8,0.01769480878547256,41.0,2408.25,41,41,2397,2429
Cluster_464,464,8,0.01769480878547256,29.0,-302.125,29,29,-312,-287
Cluster_339,339,8,0.01769480878547256,56.0,1676.625,56,56,1654,1694
Cluster_953,953,8,0.01769480878547256,66.0,1.375,66,66,0,8
Cluster_449,449,8,0.01769480878547256,37.0,3053.0,37,37,3043,3075
Cluster_184,184,8,0.01769480878547256,42.0,1757.875,42,42,1736,1775
Cluster_468,468,8,0.01769480878547256,33.0,2229.625,33,33,2202,2254
Cluster_445,445,8,0.01769480878547256,36.0,2405.0,36,36,2390,2426
Cluster_551,551,8,0.01769480878547256,33.0,2995.875,33,33,2975,3024
Cluster_813,813,8,0.01769480878547256,34.0,1977.0,34,34,1965,1995
Cluster_645,645,8,0.01769480878547256,58.0,1618.25,58,58,1596,1640
Cluster_648,648,8,0.01769480878547256,29.0,1766.875,29,29,1739,1788
Cluster_678,678,8,0.01769480878547256,42.0,1208.5,42,42,1189,1225
Cluster_532,532,8,0.01769480878547256,50.0,-457.25,50,50,-470,-437
Cluster_227,227,8,0.01769480878547256,33.0,1847.0,33,33,1834,1862
Cluster_83,83,8,0.01769480878547256,23.0,159.875,23,23,145,178
Cluster_110,110,8,0.01769480878547256,39.0,2861.625,39,39,2841,2887
Cluster_796,796,8,0.01769480878547256,34.0,4955.375,34,34,4943,4963
Cluster_795,795,8,0.01769480878547256,34.0,3048.375,34,34,3031,3080
Cluster_792,792,8,0.01769480878547256,30.0,2683.25,30,30,2666,2708
Cluster_495,495,8,0.01769480878547256,33.0,2598.25,33,33,2583,2617
Cluster_519,519,8,0.01769480878547256,40.0,-613.375,40,40,-626,-605
Cluster_513,513,8,0.01769480878547256,53.0,1238.625,53,53,1225,1252
Cluster_321,321,8,0.01769480878547256,56.0,1126.625,56,56,1110,1150
Cluster_510,510,8,0.01769480878547256,34.0,-554.75,34,34,-578,-538
Cluster_493,493,8,0.01769480878547256,53.0,-379.25,53,53,-394,-363
Cluster_492,492,8,0.01769480878547256,27.0,1987.0,27,27,1972,1996
Cluster_482,482,8,0.01769480878547256,32.0,2466.25,32,32,2456,2481
Cluster_484,484,8,0.01769480878547256,32.0,3046.25,32,32,3027,3067
Cluster_235,235,8,0.01769480878547256,52.0,1148.5,52,52,1134,1177
Cluster_214,214,8,0.01769480878547256,31.0,2980.0,31,31,2951,3007
Cluster_100,100,8,0.01769480878547256,46.0,1532.25,46,46,1514,1550
Cluster_463,463,8,0.01769480878547256,33.0,2657.875,33,33,2637,2668
Cluster_317,317,8,0.01769480878547256,41.0,2172.5,41,41,2152,2195
Cluster_528,528,8,0.01769480878547256,42.0,-568.5,42,42,-593,-551
Cluster_669,669,8,0.01769480878547256,47.0,1985.625,47,47,1968,2010
Cluster_65,65,8,0.01769480878547256,51.0,2242.625,51,51,2235,2254
Cluster_554,554,8,0.01769480878547256,41.0,-675.125,41,41,-700,-648
Cluster_552,552,8,0.01769480878547256,29.0,1491.625,29,29,1472,1514
Cluster_63,63,8,0.01769480878547256,53.0,1837.375,53,53,1815,1868
Cluster_569,569,8,0.01769480878547256,28.0,1528.875,28,28,1507,1540
Cluster_624,624,8,0.01769480878547256,53.0,1952.5,53,53,1942,1961
Cluster_626,626,8,0.01769480878547256,36.0,2976.0,36,36,2944,3007
Cluster_577,577,8,0.01769480878547256,26.0,-287.625,26,26,-306,-266
Cluster_289,289,8,0.01769480878547256,59.0,2526.75,59,59,2512,2552
Cluster_560,560,8,0.01769480878547256,38.0,-461.375,38,38,-478,-433
Cluster_562,562,8,0.01769480878547256,25.0,1247.875,25,25,1231,1272
Cluster_564,564,8,0.01769480878547256,25.0,898.125,25,25,882,914
Cluster_159,159,7,0.015482957687288492,57.0,1350.857142857143,57,57,1335,1367
Cluster_261,261,7,0.015482957687288492,41.0,1139.5714285714287,41,41,1132,1147
Cluster_502,502,7,0.015482957687288492,30.0,2321.0,30,30,2303,2326
Cluster_497,497,7,0.015482957687288492,31.0,2918.4285714285716,31,31,2907,2937
Cluster_290,290,7,0.015482957687288492,48.0,1394.2857142857142,48,48,1375,1405
Cluster_985,985,7,0.015482957687288492,21.0,58.714285714285715,21,21,39,71
Cluster_828,828,7,0.015482957687288492,43.0,2112.5714285714284,43,43,2100,2126
Cluster_815,815,7,0.015482957687288492,53.0,2141.0,53,53,2124,2156
Cluster_829,829,7,0.015482957687288492,42.0,2623.8571428571427,42,42,2608,2646
Cluster_157,157,7,0.015482957687288492,41.0,1772.7142857142858,41,41,1755,1794
Cluster_460,460,7,0.015482957687288492,41.0,2476.4285714285716,41,41,2453,2498
Cluster_427,427,7,0.015482957687288492,37.0,2246.4285714285716,37,37,2235,2265
Cluster_417,417,7,0.015482957687288492,41.0,2574.714285714286,41,41,2550,2592
Cluster_908,908,7,0.015482957687288492,57.0,3759.5714285714284,57,57,3738,3783
Cluster_136,136,7,0.015482957687288492,52.0,-102.14285714285714,52,52,-110,-97
Cluster_677,677,7,0.015482957687288492,35.0,2082.5714285714284,35,35,2074,2088
Cluster_799,799,7,0.015482957687288492,47.0,-166.57142857142858,47,47,-187,-149
Cluster_362,362,7,0.015482957687288492,48.0,1004.7142857142857,48,48,998,1015
Cluster_456,456,7,0.015482957687288492,32.0,-460.85714285714283,32,32,-479,-446
Cluster_111,111,7,0.015482957687288492,59.0,-126.42857142857143,59,59,-139,-110
Cluster_894,894,7,0.015482957687288492,56.0,1275.5714285714287,56,56,1255,1297
Cluster_883,883,7,0.015482957687288492,43.0,2368.0,43,43,2355,2383
Cluster_349,349,7,0.015482957687288492,55.0,1337.142857142857,55,55,1320,1358
Cluster_956,956,7,0.015482957687288492,72.0,0.2857142857142857,72,72,0,2
Cluster_391,391,7,0.015482957687288492,46.0,2210.5714285714284,46,46,2196,2232
Cluster_341,341,7,0.015482957687288492,49.0,3039.1428571428573,49,49,3018,3063
Cluster_364,364,7,0.015482957687288492,24.0,760.1428571428571,24,24,736,782
Cluster_182,182,7,0.015482957687288492,50.0,1167.7142857142858,50,50,1158,1179
Cluster_429,429,7,0.015482957687288492,31.0,2143.5714285714284,31,31,2124,2166
Cluster_721,721,7,0.015482957687288492,39.0,2455.1428571428573,39,39,2445,2467
Cluster_720,720,7,0.015482957687288492,54.0,1243.5714285714287,54,54,1223,1258
Cluster_723,723,7,0.015482957687288492,57.0,1878.857142857143,57,57,1859,1896
Cluster_442,442,7,0.015482957687288492,35.0,2004.0,35,35,1987,2019
Cluster_733,733,7,0.015482957687288492,44.0,1867.857142857143,44,44,1850,1880
Cluster_763,763,7,0.015482957687288492,33.0,4395.857142857143,33,33,4369,4409
Cluster_412,412,7,0.015482957687288492,52.0,2436.4285714285716,52,52,2420,2455
Cluster_752,752,7,0.015482957687288492,47.0,2524.1428571428573,47,47,2500,2548
Cluster_916,916,7,0.015482957687288492,55.0,2049.0,55,55,2037,2074
Cluster_759,759,7,0.015482957687288492,56.0,1348.7142857142858,56,56,1333,1363
Cluster_0,0,7,0.015482957687288492,58.0,2146.714285714286,58,58,2126,2160
Cluster_434,434,7,0.015482957687288492,35.0,5258.857142857143,35,35,5250,5271
Cluster_593,593,7,0.015482957687288492,26.0,1605.2857142857142,26,26,1592,1624
Cluster_613,613,7,0.015482957687288492,36.0,4138.857142857143,36,36,4123,4148
Cluster_622,622,7,0.015482957687288492,36.0,2620.0,36,36,2596,2646
Cluster_607,607,7,0.015482957687288492,24.0,1234.857142857143,24,24,1222,1250
Cluster_249,249,7,0.015482957687288492,49.0,2209.0,49,49,2187,2226
Cluster_1009,1009,7,0.015482957687288492,63.0,0.2857142857142857,63,63,0,2
Cluster_852,852,7,0.015482957687288492,30.0,1923.142857142857,30,30,1908,1942
Cluster_767,767,7,0.015482957687288492,28.0,1290.0,28,28,1277,1306
Cluster_278,278,7,0.015482957687288492,43.0,3298.714285714286,43,43,3274,3327
Cluster_599,599,7,0.015482957687288492,29.0,1671.0,29,29,1661,1679
Cluster_627,627,7,0.015482957687288492,38.0,3240.714285714286,38,38,3228,3259
Cluster_601,601,7,0.015482957687288492,57.0,2535.4285714285716,57,57,2516,2550
Cluster_566,566,7,0.015482957687288492,46.0,1807.857142857143,46,46,1790,1823
Cluster_845,845,7,0.015482957687288492,33.0,2552.714285714286,33,33,2533,2565
Cluster_663,663,7,0.015482957687288492,53.0,1624.4285714285713,53,53,1619,1630
Cluster_664,664,7,0.015482957687288492,39.0,-481.7142857142857,39,39,-495,-468
Cluster_976,976,7,0.015482957687288492,19.0,101.28571428571429,19,19,88,108
Cluster_297,297,7,0.015482957687288492,45.0,1679.857142857143,45,45,1670,1691
Cluster_301,301,7,0.015482957687288492,28.0,1241.0,28,28,1232,1252
Cluster_548,548,7,0.015482957687288492,26.0,2009.0,26,26,1996,2026
Cluster_977,977,7,0.015482957687288492,23.0,578.5714285714286,23,23,556,598
Cluster_124,124,7,0.015482957687288492,59.0,833.1428571428571,59,59,817,848
Cluster_109,109,7,0.015482957687288492,48.0,1341.142857142857,48,48,1323,1355
Cluster_699,699,7,0.015482957687288492,59.0,2020.4285714285713,59,59,2011,2034
Cluster_308,308,7,0.015482957687288492,29.0,1945.7142857142858,29,29,1925,1958
Cluster_489,489,7,0.015482957687288492,25.0,-231.85714285714286,25,25,-250,-213
Cluster_871,871,7,0.015482957687288492,30.0,2781.285714285714,30,30,2766,2802
Cluster_504,504,7,0.015482957687288492,49.0,-348.0,49,49,-367,-327
Cluster_673,673,7,0.015482957687288492,58.0,1464.2857142857142,58,58,1455,1476
Cluster_522,522,7,0.015482957687288492,48.0,2686.1428571428573,48,48,2662,2707
Cluster_491,491,7,0.015482957687288492,35.0,-416.42857142857144,35,35,-441,-394
Cluster_783,783,7,0.015482957687288492,47.0,3458.4285714285716,47,47,3434,3480
Cluster_786,786,7,0.015482957687288492,41.0,1827.7142857142858,41,41,1819,1838
Cluster_217,217,7,0.015482957687288492,27.0,-310.57142857142856,27,27,-335,-289
Cluster_212,212,7,0.015482957687288492,26.0,-390.14285714285717,26,26,-402,-378
Cluster_741,741,6,0.013271106589104421,50.0,1396.0,50,50,1389,1412
Cluster_135,135,6,0.013271106589104421,55.0,1273.1666666666667,55,55,1261,1288
Cluster_462,462,6,0.013271106589104421,31.0,3184.0,31,31,3160,3201
Cluster_438,438,6,0.013271106589104421,33.0,3508.5,33,33,3495,3519
Cluster_435,435,6,0.013271106589104421,33.0,3259.8333333333335,33,33,3243,3269
Cluster_394,394,6,0.013271106589104421,54.0,2433.6666666666665,54,54,2419,2452
Cluster_395,395,6,0.013271106589104421,48.0,-471.5,48,48,-480,-460
Cluster_397,397,6,0.013271106589104421,50.0,2410.3333333333335,50,50,2402,2420
Cluster_768,768,6,0.013271106589104421,60.0,1139.0,60,60,1130,1145
Cluster_1002,1002,6,0.013271106589104421,36.0,4712.0,36,36,4693,4721
Cluster_1003,1003,6,0.013271106589104421,81.0,0.16666666666666666,81,81,0,1
Cluster_616,616,6,0.013271106589104421,41.0,2667.1666666666665,41,41,2646,2689
Cluster_268,268,6,0.013271106589104421,44.0,2884.8333333333335,44,44,2876,2897
Cluster_608,608,6,0.013271106589104421,51.0,1279.1666666666667,51,51,1267,1295
Cluster_847,847,6,0.013271106589104421,58.0,-374.8333333333333,58,58,-397,-354
Cluster_849,849,6,0.013271106589104421,58.0,1182.1666666666667,58,58,1166,1194
Cluster_853,853,6,0.013271106589104421,49.0,2150.5,49,49,2139,2169
Cluster_856,856,6,0.013271106589104421,30.0,2276.1666666666665,30,30,2261,2289
Cluster_855,855,6,0.013271106589104421,47.0,1649.8333333333333,47,47,1629,1675
Cluster_244,244,6,0.013271106589104421,24.0,603.6666666666666,24,24,596,620
Cluster_1016,1016,6,0.013271106589104421,68.0,2816.0,68,68,2812,2820
Cluster_754,754,6,0.013271106589104421,52.0,3430.5,52,52,3421,3440
Cluster_912,912,6,0.013271106589104421,34.0,2726.1666666666665,34,34,2720,2733
Cluster_739,739,6,0.013271106589104421,59.0,1726.0,59,59,1723,1729
Cluster_401,401,6,0.013271106589104421,46.0,2856.5,46,46,2836,2870
Cluster_430,430,6,0.013271106589104421,38.0,4389.666666666667,38,38,4366,4406
Cluster_774,774,6,0.013271106589104421,29.0,1712.8333333333333,29,29,1697,1729
Cluster_903,903,6,0.013271106589104421,41.0,1956.5,41,41,1934,1982
Cluster_166,166,6,0.013271106589104421,44.0,-612.3333333333334,44,44,-627,-600
Cluster_722,722,6,0.013271106589104421,45.0,1736.3333333333333,45,45,1723,1752
Cluster_764,764,6,0.013271106589104421,47.0,3521.8333333333335,47,47,3505,3533
Cluster_153,153,6,0.013271106589104421,35.0,3850.3333333333335,35,35,3831,3863
Cluster_409,409,6,0.013271106589104421,41.0,1889.3333333333333,41,41,1880,1905
Cluster_406,406,6,0.013271106589104421,42.0,1989.0,42,42,1977,2003
Cluster_404,404,6,0.013271106589104421,40.0,-495.5,40,40,-516,-476
Cluster_779,779,6,0.013271106589104421,36.0,3837.8333333333335,36,36,3819,3850
Cluster_775,775,6,0.013271106589104421,34.0,2367.8333333333335,34,34,2347,2378
Cluster_466,466,6,0.013271106589104421,57.0,1406.3333333333333,57,57,1401,1412
Cluster_470,470,6,0.013271106589104421,29.0,-568.8333333333334,29,29,-597,-547
Cluster_477,477,6,0.013271106589104421,39.0,2261.5,39,39,2245,2271
Cluster_473,473,6,0.013271106589104421,24.0,-150.66666666666666,24,24,-169,-126
Cluster_710,710,6,0.013271106589104421,40.0,2357.1666666666665,40,40,2338,2378
Cluster_714,714,6,0.013271106589104421,51.0,1999.5,51,51,1988,2011
Cluster_890,890,6,0.013271106589104421,50.0,5115.5,50,50,5108,5131
Cluster_361,361,6,0.013271106589104421,59.0,1422.0,59,59,1407,1427
Cluster_887,887,6,0.013271106589104421,34.0,2938.8333333333335,34,34,2918,2959
Cluster_363,363,6,0.013271106589104421,44.0,2984.3333333333335,44,44,2979,2999
Cluster_121,121,6,0.013271106589104421,48.0,3763.6666666666665,48,48,3752,3778
Cluster_120,120,6,0.013271106589104421,38.0,3049.8333333333335,38,38,3039,3057
Cluster_954,954,6,0.013271106589104421,56.0,2769.0,56,56,2749,2796
Cluster_679,679,6,0.013271106589104421,29.0,3315.1666666666665,29,29,3310,3331
Cluster_681,681,6,0.013271106589104421,51.0,1697.1666666666667,51,51,1679,1708
Cluster_674,674,6,0.013271106589104421,39.0,1831.8333333333333,39,39,1820,1846
Cluster_207,207,6,0.013271106589104421,55.0,-268.3333333333333,55,55,-288,-246
Cluster_966,966,6,0.013271106589104421,25.0,1413.5,25,25,1395,1433
Cluster_480,480,6,0.013271106589104421,27.0,1520.3333333333333,27,27,1501,1535
Cluster_479,479,6,0.013271106589104421,26.0,1278.8333333333333,26,26,1274,1292
Cluster_690,690,6,0.013271106589104421,50.0,-301.5,50,50,-315,-287
Cluster_697,697,6,0.013271106589104421,59.0,1310.1666666666667,59,59,1296,1321
Cluster_97,97,6,0.013271106589104421,59.0,-87.0,59,59,-91,-76
Cluster_974,974,6,0.013271106589104421,69.0,477.5,69,69,473,482
Cluster_505,505,6,0.013271106589104421,40.0,-436.3333333333333,40,40,-450,-426
Cluster_524,524,6,0.013271106589104421,37.0,4033.8333333333335,37,37,4017,4056
Cluster_526,526,6,0.013271106589104421,24.0,682.3333333333334,24,24,674,691
Cluster_517,517,6,0.013271106589104421,32.0,2616.5,32,32,2597,2629
Cluster_498,498,6,0.013271106589104421,31.0,2195.5,31,31,2190,2198
Cluster_330,330,6,0.013271106589104421,43.0,3176.8333333333335,43,43,3157,3196
Cluster_320,320,6,0.013271106589104421,20.0,71.5,20,20,53,88
Cluster_798,798,6,0.013271106589104421,49.0,819.1666666666666,49,49,808,827
Cluster_318,318,6,0.013271106589104421,57.0,3109.5,57,57,3100,3123
Cluster_876,876,6,0.013271106589104421,54.0,1663.3333333333333,54,54,1659,1670
Cluster_878,878,6,0.013271106589104421,55.0,1647.3333333333333,55,55,1633,1665
Cluster_228,228,6,0.013271106589104421,40.0,2571.1666666666665,40,40,2550,2591
Cluster_233,233,6,0.013271106589104421,40.0,3128.1666666666665,40,40,3122,3138
Cluster_230,230,6,0.013271106589104421,21.0,127.0,21,21,123,137
Cluster_804,804,6,0.013271106589104421,33.0,3071.5,33,33,3059,3090
Cluster_553,553,6,0.013271106589104421,28.0,1993.8333333333333,28,28,1984,2015
Cluster_657,657,6,0.013271106589104421,25.0,-284.8333333333333,25,25,-306,-268
Cluster_291,291,6,0.013271106589104421,47.0,2786.1666666666665,47,47,2775,2796
Cluster_292,292,6,0.013271106589104421,54.0,1694.5,54,54,1691,1705
Cluster_640,640,6,0.013271106589104421,58.0,2081.1666666666665,58,58,2073,2094
Cluster_652,652,6,0.013271106589104421,33.0,3453.0,33,33,3444,3470
Cluster_661,661,6,0.013271106589104421,54.0,2949.1666666666665,54,54,2933,2960
Cluster_555,555,6,0.013271106589104421,28.0,2927.6666666666665,28,28,2909,2954
Cluster_561,561,6,0.013271106589104421,26.0,865.3333333333334,26,26,855,877
Cluster_267,267,6,0.013271106589104421,57.0,1462.3333333333333,57,57,1458,1469
Cluster_586,586,6,0.013271106589104421,39.0,1748.8333333333333,39,39,1738,1757
Cluster_582,582,6,0.013271106589104421,59.0,742.6666666666666,59,59,729,754
Cluster_580,580,6,0.013271106589104421,50.0,2715.5,50,50,2695,2731
Cluster_568,568,6,0.013271106589104421,57.0,1504.0,57,57,1486,1521
Cluster_803,803,6,0.013271106589104421,25.0,2308.3333333333335,25,25,2305,2317
Cluster_565,565,6,0.013271106589104421,38.0,-574.5,38,38,-591,-558
Cluster_271,271,6,0.013271106589104421,47.0,2465.8333333333335,47,47,2443,2480
Cluster_630,630,6,0.013271106589104421,37.0,3568.5,37,37,3556,3574
Cluster_575,575,6,0.013271106589104421,36.0,3258.8333333333335,36,36,3241,3270
Cluster_576,576,6,0.013271106589104421,30.0,2030.1666666666667,30,30,2017,2046
Cluster_832,832,6,0.013271106589104421,52.0,2331.0,52,52,2309,2347
Cluster_277,277,6,0.013271106589104421,41.0,3130.8333333333335,41,41,3123,3140
Cluster_62,62,6,0.013271106589104421,53.0,1457.5,53,53,1442,1480
Cluster_61,61,6,0.013271106589104421,58.0,1069.3333333333333,58,58,1052,1080
Cluster_600,600,6,0.013271106589104421,37.0,3160.6666666666665,37,37,3141,3175
Cluster_59,59,5,0.01105925549092035,54.0,-55.2,54,54,-69,-41
Cluster_57,57,5,0.01105925549092035,40.0,4385.4,40,40,4370,4396
Cluster_990,990,5,0.01105925549092035,50.0,950.8,50,50,938,964
Cluster_989,989,5,0.01105925549092035,50.0,2799.8,50,50,2790,2812
Cluster_988,988,5,0.01105925549092035,46.0,1437.4,46,46,1427,1448
Cluster_632,632,5,0.01105925549092035,60.0,2520.4,60,60,2508,2537
Cluster_628,628,5,0.01105925549092035,39.0,1798.2,39,39,1790,1802
Cluster_625,625,5,0.01105925549092035,39.0,2756.8,39,39,2749,2765
Cluster_623,623,5,0.01105925549092035,54.0,3789.2,54,54,3777,3797
Cluster_605,605,5,0.01105925549092035,51.0,2635.8,51,51,2632,2642
Cluster_604,604,5,0.01105925549092035,52.0,2135.8,52,52,2122,2144
Cluster_603,603,5,0.01105925549092035,50.0,2055.6,50,50,2040,2065
Cluster_602,602,5,0.01105925549092035,53.0,2643.2,53,53,2627,2656
Cluster_591,591,5,0.01105925549092035,44.0,1590.8,44,44,1588,1593
Cluster_618,618,5,0.01105925549092035,46.0,2901.4,46,46,2889,2911
Cluster_981,981,5,0.01105925549092035,41.0,2238.8,41,41,2226,2251
Cluster_107,107,5,0.01105925549092035,55.0,2309.2,55,55,2298,2325
Cluster_96,96,5,0.01105925549092035,39.0,1882.0,39,39,1873,1891
Cluster_968,968,5,0.01105925549092035,33.0,2171.0,33,33,2155,2184
Cluster_563,563,5,0.01105925549092035,57.0,1562.0,57,57,1540,1577
Cluster_589,589,5,0.01105925549092035,51.0,3181.6,51,51,3170,3188
Cluster_588,588,5,0.01105925549092035,28.0,1726.0,28,28,1705,1736
Cluster_584,584,5,0.01105925549092035,38.0,2068.8,38,38,2048,2084
Cluster_578,578,5,0.01105925549092035,39.0,-981.2,39,39,-999,-971
Cluster_963,963,5,0.01105925549092035,53.0,1914.4,53,53,1903,1925
Cluster_962,962,5,0.01105925549092035,77.0,0.0,77,77,0,0
Cluster_961,961,5,0.01105925549092035,24.0,1294.0,24,24,1283,1299
Cluster_958,958,5,0.01105925549092035,26.0,2506.6,26,26,2503,2509
Cluster_955,955,5,0.01105925549092035,66.0,207.2,66,66,203,220
Cluster_950,950,5,0.01105925549092035,31.0,3518.0,31,31,3500,3540
Cluster_946,946,5,0.01105925549092035,26.0,2170.0,26,26,2158,2182
Cluster_134,134,5,0.01105925549092035,53.0,-293.0,53,53,-309,-285
Cluster_131,131,5,0.01105925549092035,37.0,-202.6,37,37,-212,-196
Cluster_127,127,5,0.01105925549092035,58.0,1108.8,58,58,1101,1119
Cluster_936,936,5,0.01105925549092035,41.0,4058.0,41,41,4047,4070
Cluster_658,658,5,0.01105925549092035,48.0,2327.4,48,48,2313,2345
Cluster_656,656,5,0.01105925549092035,28.0,1949.8,28,28,1942,1958
Cluster_549,549,5,0.01105925549092035,53.0,-478.2,53,53,-491,-462
Cluster_544,544,5,0.01105925549092035,56.0,-155.2,56,56,-166,-141
Cluster_647,647,5,0.01105925549092035,54.0,1549.8,54,54,1544,1561
Cluster_930,930,5,0.01105925549092035,34.0,4249.4,34,34,4231,4260
Cluster_929,929,5,0.01105925549092035,48.0,-543.0,48,48,-552,-530
Cluster_927,927,5,0.01105925549092035,44.0,3945.4,44,44,3932,3959
Cluster_158,158,5,0.01105925549092035,57.0,3063.4,57,57,3043,3082
Cluster_155,155,5,0.01105925549092035,41.0,1709.6,41,41,1696,1717
Cluster_926,926,5,0.01105925549092035,33.0,5149.6,33,33,5137,5164
Cluster_925,925,5,0.01105925549092035,31.0,3645.8,31,31,3625,3659
Cluster_923,923,5,0.01105925549092035,44.0,1537.6,44,44,1529,1548
Cluster_922,922,5,0.01105925549092035,31.0,8297.0,31,31,8279,8312
Cluster_921,921,5,0.01105925549092035,37.0,3949.4,37,37,3943,3954
Cluster_534,534,5,0.01105925549092035,52.0,867.6,52,52,851,876
Cluster_529,529,5,0.01105925549092035,39.0,2811.0,39,39,2805,2822
Cluster_670,670,5,0.01105925549092035,52.0,1114.2,52,52,1111,1117
Cluster_667,667,5,0.01105925549092035,59.0,1463.6,59,59,1449,1473
Cluster_665,665,5,0.01105925549092035,37.0,2127.8,37,37,2120,2139
Cluster_660,660,5,0.01105925549092035,28.0,-391.4,28,28,-403,-380
Cluster_917,917,5,0.01105925549092035,43.0,1569.4,43,43,1558,1579
Cluster_913,913,5,0.01105925549092035,50.0,2600.8,50,50,2590,2611
Cluster_168,168,5,0.01105925549092035,43.0,2323.2,43,43,2309,2344
Cluster_160,160,5,0.01105925549092035,26.0,2781.4,26,26,2770,2786
Cluster_175,175,5,0.01105925549092035,40.0,-279.4,40,40,-283,-275
Cluster_892,892,5,0.01105925549092035,45.0,2355.2,45,45,2348,2363
Cluster_891,891,5,0.01105925549092035,30.0,3036.8,30,30,3026,3048
Cluster_889,889,5,0.01105925549092035,51.0,2329.8,51,51,2315,2337
Cluster_888,888,5,0.01105925549092035,39.0,2983.0,39,39,2976,2990
Cluster_509,509,5,0.01105925549092035,48.0,-204.8,48,48,-212,-202
Cluster_514,514,5,0.01105925549092035,37.0,3425.0,37,37,3420,3429
Cluster_512,512,5,0.01105925549092035,57.0,3284.6,57,57,3277,3288
Cluster_685,685,5,0.01105925549092035,58.0,4152.8,58,58,4150,4158
Cluster_682,682,5,0.01105925549092035,41.0,2775.4,41,41,2767,2790
Cluster_680,680,5,0.01105925549092035,46.0,2089.8,46,46,2084,2098
Cluster_884,884,5,0.01105925549092035,35.0,3486.6,35,35,3468,3507
Cluster_201,201,5,0.01105925549092035,26.0,1347.4,26,26,1346,1349
Cluster_218,218,5,0.01105925549092035,56.0,1399.2,56,56,1388,1412
Cluster_209,209,5,0.01105925549092035,37.0,2372.4,37,37,2364,2390
Cluster_238,238,5,0.01105925549092035,30.0,-521.6,30,30,-529,-517
Cluster_232,232,5,0.01105925549092035,28.0,-345.8,28,28,-358,-328
Cluster_223,223,5,0.01105925549092035,28.0,-271.8,28,28,-284,-260
Cluster_873,873,5,0.01105925549092035,57.0,2105.8,57,57,2087,2120
Cluster_869,869,5,0.01105925549092035,30.0,4882.8,30,30,4867,4896
Cluster_868,868,5,0.01105925549092035,31.0,1450.4,31,31,1441,1463
Cluster_867,867,5,0.01105925549092035,52.0,2562.0,52,52,2549,2578
Cluster_865,865,5,0.01105925549092035,48.0,2087.8,48,48,2071,2106
Cluster_863,863,5,0.01105925549092035,54.0,-132.8,54,54,-152,-119
Cluster_247,247,5,0.01105925549092035,61.0,1056.0,61,61,1046,1060
Cluster_246,246,5,0.01105925549092035,40.0,-161.0,40,40,-166,-154
Cluster_862,862,5,0.01105925549092035,30.0,2419.4,30,30,2403,2427
Cluster_708,708,5,0.01105925549092035,49.0,-467.4,49,49,-478,-454
Cluster_474,474,5,0.01105925549092035,32.0,5262.8,32,32,5252,5276
Cluster_465,465,5,0.01105925549092035,31.0,4322.4,31,31,4315,4331
Cluster_701,701,5,0.01105925549092035,42.0,2820.6,42,42,2812,2835
Cluster_693,693,5,0.01105925549092035,52.0,1949.2,52,52,1933,1964
Cluster_854,854,5,0.01105925549092035,33.0,2915.6,33,33,2904,2934
Cluster_851,851,5,0.01105925549092035,53.0,2579.6,53,53,2578,2581
Cluster_848,848,5,0.01105925549092035,42.0,3219.8,42,42,3211,3236
Cluster_263,263,5,0.01105925549092035,53.0,1560.6,53,53,1554,1570
Cluster_284,284,5,0.01105925549092035,43.0,1522.6,43,43,1516,1532
Cluster_282,282,5,0.01105925549092035,54.0,2053.2,54,54,2037,2062
Cluster_281,281,5,0.01105925549092035,57.0,2230.8,57,57,2223,2236
Cluster_274,274,5,0.01105925549092035,23.0,-218.4,23,23,-230,-207
Cluster_846,846,5,0.01105925549092035,46.0,2387.2,46,46,2367,2401
Cluster_443,443,5,0.01105925549092035,35.0,1422.0,35,35,1416,1432
Cluster_436,436,5,0.01105925549092035,40.0,3568.6,40,40,3557,3585
Cluster_433,433,5,0.01105925549092035,37.0,5118.0,37,37,5106,5132
Cluster_709,709,5,0.01105925549092035,55.0,1433.2,55,55,1420,1446
Cluster_841,841,5,0.01105925549092035,52.0,-477.0,52,52,-490,-462
Cluster_840,840,5,0.01105925549092035,23.0,1232.8,23,23,1226,1235
Cluster_838,838,5,0.01105925549092035,46.0,3991.8,46,46,3969,4007
Cluster_835,835,5,0.01105925549092035,33.0,5437.8,33,33,5437,5441
Cluster_834,834,5,0.01105925549092035,59.0,2302.4,59,59,2291,2319
Cluster_827,827,5,0.01105925549092035,50.0,1764.6,50,50,1743,1784
Cluster_823,823,5,0.01105925549092035,47.0,4401.6,47,47,4386,4420
Cluster_822,822,5,0.01105925549092035,57.0,1688.4,57,57,1681,1700
Cluster_821,821,5,0.01105925549092035,32.0,3097.8,32,32,3083,3107
Cluster_820,820,5,0.01105925549092035,28.0,1633.6,28,28,1628,1638
Cluster_818,818,5,0.01105925549092035,37.0,7618.8,37,37,7612,7622
Cluster_287,287,5,0.01105925549092035,50.0,2958.4,50,50,2938,2972
Cluster_814,814,5,0.01105925549092035,49.0,2410.0,49,49,2400,2420
Cluster_812,812,5,0.01105925549092035,46.0,2426.0,46,46,2420,2441
Cluster_811,811,5,0.01105925549092035,57.0,1742.4,57,57,1728,1753
Cluster_809,809,5,0.01105925549092035,37.0,2984.6,37,37,2971,2991
Cluster_736,736,5,0.01105925549092035,50.0,3294.4,50,50,3284,3304
Cluster_735,735,5,0.01105925549092035,60.0,1342.4,60,60,1327,1361
Cluster_426,426,5,0.01105925549092035,35.0,2046.4,35,35,2040,2054
Cluster_423,423,5,0.01105925549092035,34.0,3991.4,34,34,3986,3997
Cluster_422,422,5,0.01105925549092035,39.0,3046.6,39,39,3032,3059
Cluster_416,416,5,0.01105925549092035,30.0,3295.8,30,30,3286,3313
Cluster_732,732,5,0.01105925549092035,59.0,1250.4,59,59,1245,1265
Cluster_731,731,5,0.01105925549092035,50.0,1009.8,50,50,992,1022
Cluster_726,726,5,0.01105925549092035,30.0,4460.6,30,30,4448,4471
Cluster_724,724,5,0.01105925549092035,51.0,1383.8,51,51,1374,1394
Cluster_756,756,5,0.01105925549092035,45.0,1586.2,45,45,1577,1603
Cluster_753,753,5,0.01105925549092035,38.0,6999.4,38,38,6994,7005
Cluster_751,751,5,0.01105925549092035,37.0,3724.6,37,37,3715,3737
Cluster_405,405,5,0.01105925549092035,45.0,2124.0,45,45,2119,2128
Cluster_747,747,5,0.01105925549092035,56.0,1861.0,56,56,1848,1877
Cluster_744,744,5,0.01105925549092035,52.0,-302.0,52,52,-309,-297
Cluster_743,743,5,0.01105925549092035,38.0,2672.4,38,38,2656,2685
Cluster_742,742,5,0.01105925549092035,51.0,1931.4,51,51,1911,1944
Cluster_801,801,5,0.01105925549092035,59.0,1628.4,59,59,1611,1637
Cluster_800,800,5,0.01105925549092035,58.0,-156.2,58,58,-172,-146
Cluster_326,326,5,0.01105925549092035,46.0,4043.6,46,46,4023,4064
Cluster_322,322,5,0.01105925549092035,42.0,2913.6,42,42,2906,2918
Cluster_797,797,5,0.01105925549092035,43.0,3524.8,43,43,3518,3530
Cluster_787,787,5,0.01105925549092035,41.0,3019.8,41,41,3013,3029
Cluster_345,345,5,0.01105925549092035,42.0,3402.8,42,42,3396,3407
Cluster_343,343,5,0.01105925549092035,60.0,1217.4,60,60,1210,1226
Cluster_351,351,5,0.01105925549092035,47.0,3230.8,47,47,3216,3237
Cluster_777,777,5,0.01105925549092035,49.0,2569.6,49,49,2555,2585
Cluster_773,773,5,0.01105925549092035,42.0,2035.8,42,42,2030,2044
Cluster_770,770,5,0.01105925549092035,60.0,2148.6,60,60,2131,2166
Cluster_380,380,5,0.01105925549092035,44.0,3679.2,44,44,3665,3689
Cluster_398,398,5,0.01105925549092035,50.0,1463.6,50,50,1457,1477
Cluster_396,396,5,0.01105925549092035,52.0,-338.0,52,52,-346,-332
Cluster_765,765,5,0.01105925549092035,45.0,1438.2,45,45,1433,1447
Cluster_760,760,5,0.01105925549092035,60.0,1039.0,60,60,1025,1047
Cluster_1006,1006,5,0.01105925549092035,82.0,0.0,82,82,0,0
Cluster_997,997,5,0.01105925549092035,43.0,2155.8,43,43,2145,2169
Cluster_1022,1022,5,0.01105925549092035,45.0,2560.4,45,45,2552,2571
Cluster_1021,1021,5,0.01105925549092035,20.0,168.0,20,20,153,179
Cluster_1018,1018,5,0.01105925549092035,70.0,1.6,70,70,0,4
Cluster_1017,1017,5,0.01105925549092035,23.0,913.8,23,23,897,922
Cluster_1013,1013,5,0.01105925549092035,69.0,0.8,69,69,0,4
Cluster_1011,1011,5,0.01105925549092035,73.0,514.6,73,73,508,519
Cluster_1010,1010,5,0.01105925549092035,28.0,1923.6,28,28,1918,1925
Cluster_1007,1007,5,0.01105925549092035,62.0,565.8,62,62,557,569
Cluster_1008,1008,4,0.00884740439273628,20.0,213.75,20,20,210,215
Cluster_1012,1012,4,0.00884740439273628,66.0,1942.0,66,66,1929,1948
Cluster_1014,1014,4,0.00884740439273628,64.0,42.0,64,64,34,48
Cluster_1015,1015,4,0.00884740439273628,43.0,1699.75,43,43,1684,1712
Cluster_1019,1019,4,0.00884740439273628,64.0,2139.5,64,64,2139,2140
Cluster_1020,1020,4,0.00884740439273628,78.0,228.75,78,78,220,240
Cluster_610,610,4,0.00884740439273628,38.0,2545.75,38,38,2543,2549
Cluster_614,614,4,0.00884740439273628,49.0,2062.25,49,49,2058,2068
Cluster_996,996,4,0.00884740439273628,26.0,3522.0,26,26,3511,3529
Cluster_998,998,4,0.00884740439273628,21.0,356.25,21,21,347,361
Cluster_1000,1000,4,0.00884740439273628,52.0,-526.5,52,52,-542,-517
Cluster_1001,1001,4,0.00884740439273628,50.0,3367.75,50,50,3357,3374
Cluster_1005,1005,4,0.00884740439273628,70.0,1306.5,70,70,1295,1311
Cluster_1023,1023,4,0.00884740439273628,36.0,3947.75,36,36,3935,3954
Cluster_1024,1024,4,0.00884740439273628,53.0,2396.75,53,53,2385,2406
Cluster_1025,1025,4,0.00884740439273628,49.0,3295.25,49,49,3286,3309
Cluster_1026,1026,4,0.00884740439273628,73.0,2850.0,73,73,2850,2850
Cluster_1027,1027,4,0.00884740439273628,48.0,2534.75,48,48,2519,2550
Cluster_1028,1028,4,0.00884740439273628,28.0,2337.0,28,28,2322,2351
Cluster_1029,1029,4,0.00884740439273628,63.0,1491.5,63,63,1486,1495
Cluster_1030,1030,4,0.00884740439273628,27.0,2788.25,27,27,2781,2802
Cluster_1031,1031,4,0.00884740439273628,23.0,1300.5,23,23,1284,1311
Cluster_758,758,4,0.00884740439273628,47.0,2398.25,47,47,2383,2408
Cluster_761,761,4,0.00884740439273628,26.0,-334.75,26,26,-350,-326
Cluster_762,762,4,0.00884740439273628,29.0,2801.75,29,29,2799,2806
Cluster_388,388,4,0.00884740439273628,40.0,2074.0,40,40,2064,2082
Cluster_393,393,4,0.00884740439273628,53.0,2891.25,53,53,2884,2895
Cluster_367,367,4,0.00884740439273628,42.0,2526.25,42,42,2517,2535
Cluster_371,371,4,0.00884740439273628,58.0,2544.0,58,58,2538,2553
Cluster_372,372,4,0.00884740439273628,56.0,-119.0,56,56,-124,-113
Cluster_374,374,4,0.00884740439273628,39.0,2132.5,39,39,2118,2140
Cluster_772,772,4,0.00884740439273628,50.0,1684.25,50,50,1679,1688
Cluster_776,776,4,0.00884740439273628,30.0,1595.5,30,30,1589,1599
Cluster_778,778,4,0.00884740439273628,36.0,3412.25,36,36,3407,3420
Cluster_781,781,4,0.00884740439273628,60.0,1092.25,60,60,1088,1099
Cluster_782,782,4,0.00884740439273628,58.0,2768.5,58,58,2764,2777
Cluster_355,355,4,0.00884740439273628,56.0,2555.5,56,56,2551,2561
Cluster_357,357,4,0.00884740439273628,33.0,-625.5,33,33,-634,-616
Cluster_366,366,4,0.00884740439273628,43.0,2764.25,43,43,2759,2767
Cluster_344,344,4,0.00884740439273628,49.0,2625.0,49,49,2611,2635
Cluster_784,784,4,0.00884740439273628,49.0,2353.25,49,49,2343,2370
Cluster_785,785,4,0.00884740439273628,25.0,-379.5,25,25,-392,-371
Cluster_790,790,4,0.00884740439273628,29.0,2317.0,29,29,2305,2326
Cluster_794,794,4,0.00884740439273628,32.0,4652.75,32,32,4638,4665
Cluster_325,325,4,0.00884740439273628,49.0,2038.75,49,49,2037,2040
Cluster_327,327,4,0.00884740439273628,54.0,2882.25,54,54,2868,2895
Cluster_331,331,4,0.00884740439273628,57.0,3376.5,57,57,3367,3382
Cluster_334,334,4,0.00884740439273628,52.0,1751.5,52,52,1746,1758
Cluster_303,303,4,0.00884740439273628,44.0,1944.0,44,44,1933,1954
Cluster_309,309,4,0.00884740439273628,44.0,2026.5,44,44,2017,2033
Cluster_315,315,4,0.00884740439273628,47.0,4558.5,47,47,4543,4568
Cluster_805,805,4,0.00884740439273628,57.0,2772.75,57,57,2762,2785
Cluster_806,806,4,0.00884740439273628,46.0,2154.25,46,46,2148,2166
Cluster_740,740,4,0.00884740439273628,52.0,3735.75,52,52,3720,3754
Cluster_745,745,4,0.00884740439273628,61.0,51.5,61,61,50,56
Cluster_749,749,4,0.00884740439273628,42.0,3716.5,42,42,3713,3718
Cluster_399,399,4,0.00884740439273628,38.0,2412.5,38,38,2398,2423
Cluster_402,402,4,0.00884740439273628,48.0,5053.25,48,48,5041,5058
Cluster_413,413,4,0.00884740439273628,45.0,4111.75,45,45,4105,4119
Cluster_414,414,4,0.00884740439273628,24.0,1021.5,24,24,1004,1033
Cluster_757,757,4,0.00884740439273628,58.0,1697.0,58,58,1686,1713
Cluster_728,728,4,0.00884740439273628,28.0,2257.0,28,28,2249,2269
Cluster_730,730,4,0.00884740439273628,60.0,1579.25,60,60,1573,1588
Cluster_428,428,4,0.00884740439273628,37.0,5435.5,37,37,5427,5447
Cluster_415,415,4,0.00884740439273628,27.0,3787.75,27,27,3776,3792
Cluster_738,738,4,0.00884740439273628,51.0,1241.5,51,51,1236,1250
Cluster_808,808,4,0.00884740439273628,28.0,6555.0,28,28,6551,6567
Cluster_819,819,4,0.00884740439273628,37.0,3231.25,37,37,3221,3242
Cluster_810,810,4,0.00884740439273628,59.0,784.0,59,59,771,797
Cluster_295,295,4,0.00884740439273628,45.0,3397.5,45,45,3388,3412
Cluster_298,298,4,0.00884740439273628,32.0,2287.5,32,32,2280,2294
Cluster_825,825,4,0.00884740439273628,29.0,-383.75,29,29,-397,-368
Cluster_824,824,4,0.00884740439273628,55.0,2384.25,55,55,2383,2387
Cluster_826,826,4,0.00884740439273628,51.0,-398.75,51,51,-413,-380
Cluster_830,830,4,0.00884740439273628,46.0,1144.5,46,46,1139,1148
Cluster_711,711,4,0.00884740439273628,55.0,2929.75,55,55,2923,2944
Cluster_831,831,4,0.00884740439273628,45.0,2242.75,45,45,2237,2249
Cluster_833,833,4,0.00884740439273628,51.0,1020.75,51,51,1016,1028
Cluster_836,836,4,0.00884740439273628,55.0,1816.0,55,55,1810,1821
Cluster_837,837,4,0.00884740439273628,59.0,1180.5,59,59,1173,1194
Cluster_839,839,4,0.00884740439273628,59.0,4403.0,59,59,4387,4414
Cluster_842,842,4,0.00884740439273628,47.0,3939.0,47,47,3936,3940
Cluster_843,843,4,0.00884740439273628,41.0,4904.0,41,41,4900,4910
Cluster_717,717,4,0.00884740439273628,37.0,3767.5,37,37,3759,3777
Cluster_712,712,4,0.00884740439273628,42.0,2248.25,42,42,2239,2256
Cluster_713,713,4,0.00884740439273628,36.0,3209.75,36,36,3202,3221
Cluster_716,716,4,0.00884740439273628,44.0,1701.0,44,44,1696,1707
Cluster_454,454,4,0.00884740439273628,32.0,2139.75,32,32,2134,2146
Cluster_451,451,4,0.00884740439273628,36.0,8121.75,36,36,8114,8135
Cluster_457,457,4,0.00884740439273628,39.0,4140.25,39,39,4136,4146
Cluster_458,458,4,0.00884740439273628,31.0,8627.5,31,31,8626,8629
Cluster_469,469,4,0.00884740439273628,36.0,-868.75,36,36,-872,-861
Cluster_437,437,4,0.00884740439273628,37.0,6966.0,37,37,6963,6969
Cluster_439,439,4,0.00884740439273628,34.0,-507.5,34,34,-508,-506
Cluster_719,719,4,0.00884740439273628,36.0,3057.0,36,36,3043,3064
Cluster_844,844,4,0.00884740439273628,48.0,-395.5,48,48,-407,-379
Cluster_280,280,4,0.00884740439273628,58.0,3109.75,58,58,3108,3111
Cluster_286,286,4,0.00884740439273628,41.0,4509.75,41,41,4495,4522
Cluster_255,255,4,0.00884740439273628,42.0,1816.5,42,42,1811,1823
Cluster_258,258,4,0.00884740439273628,51.0,3130.0,51,51,3122,3134
Cluster_850,850,4,0.00884740439273628,31.0,6139.75,31,31,6138,6145
Cluster_857,857,4,0.00884740439273628,47.0,3069.75,47,47,3067,3072
Cluster_692,692,4,0.00884740439273628,55.0,1867.0,55,55,1854,1872
Cluster_694,694,4,0.00884740439273628,49.0,1632.0,49,49,1623,1644
Cluster_695,695,4,0.00884740439273628,45.0,4640.25,45,45,4629,4647
Cluster_696,696,4,0.00884740439273628,44.0,1497.0,44,44,1485,1511
Cluster_702,702,4,0.00884740439273628,58.0,5088.25,58,58,5087,5092
Cluster_240,240,4,0.00884740439273628,20.0,130.75,20,20,129,134
Cluster_472,472,4,0.00884740439273628,39.0,4442.0,39,39,4430,4453
Cluster_476,476,4,0.00884740439273628,37.0,1818.25,37,37,1813,1824
Cluster_704,704,4,0.00884740439273628,39.0,2942.25,39,39,2939,2952
Cluster_706,706,4,0.00884740439273628,44.0,1674.25,44,44,1669,1679
Cluster_707,707,4,0.00884740439273628,53.0,4394.75,53,53,4380,4401
Cluster_858,858,4,0.00884740439273628,50.0,4116.75,50,50,4108,4121
Cluster_859,859,4,0.00884740439273628,45.0,-489.5,45,45,-497,-479
Cluster_870,870,4,0.00884740439273628,37.0,-676.5,37,37,-689,-666
Cluster_242,242,4,0.00884740439273628,59.0,-46.25,59,59,-49,-41
Cluster_250,250,4,0.00884740439273628,49.0,2667.5,49,49,2655,2677
Cluster_864,864,4,0.00884740439273628,46.0,2741.75,46,46,2732,2749
Cluster_872,872,4,0.00884740439273628,33.0,4788.25,33,33,4782,4792
Cluster_866,866,4,0.00884740439273628,59.0,2766.25,59,59,2764,2769
Cluster_877,877,4,0.00884740439273628,37.0,3655.25,37,37,3649,3665
Cluster_875,875,4,0.00884740439273628,52.0,1577.25,52,52,1564,1595
Cluster_73,73,4,0.00884740439273628,50.0,1235.5,50,50,1227,1241
Cluster_34,34,4,0.00884740439273628,24.0,-96.75,24,24,-103,-92
Cluster_879,879,4,0.00884740439273628,57.0,2448.0,57,57,2439,2464
Cluster_880,880,4,0.00884740439273628,56.0,1783.0,56,56,1770,1798
Cluster_881,881,4,0.00884740439273628,60.0,1536.25,60,60,1524,1542
Cluster_882,882,4,0.00884740439273628,35.0,3548.0,35,35,3544,3552
Cluster_683,683,4,0.00884740439273628,37.0,2575.5,37,37,2571,2580
Cluster_684,684,4,0.00884740439273628,33.0,3700.5,33,33,3689,3713
Cluster_686,686,4,0.00884740439273628,38.0,3827.5,38,38,3813,3840
Cluster_516,516,4,0.00884740439273628,55.0,-469.25,55,55,-480,-458
Cluster_496,496,4,0.00884740439273628,44.0,5772.75,44,44,5757,5781
Cluster_503,503,4,0.00884740439273628,56.0,-211.75,56,56,-229,-199
Cluster_483,483,4,0.00884740439273628,31.0,4947.0,31,31,4941,4951
Cluster_485,485,4,0.00884740439273628,34.0,5550.0,34,34,5547,5553
Cluster_688,688,4,0.00884740439273628,53.0,2012.5,53,53,2009,2018
Cluster_691,691,4,0.00884740439273628,40.0,2937.25,40,40,2932,2946
Cluster_885,885,4,0.00884740439273628,37.0,4323.75,37,37,4321,4332
Cluster_886,886,4,0.00884740439273628,38.0,2809.5,38,38,2801,2813
Cluster_893,893,4,0.00884740439273628,53.0,6656.5,53,53,6649,6671
Cluster_895,895,4,0.00884740439273628,55.0,1399.75,55,55,1393,1402
Cluster_896,896,4,0.00884740439273628,56.0,2325.0,56,56,2313,2333
Cluster_897,897,4,0.00884740439273628,60.0,1618.25,60,60,1608,1626
Cluster_898,898,4,0.00884740439273628,32.0,3599.5,32,32,3586,3616
Cluster_899,899,4,0.00884740439273628,50.0,1051.75,50,50,1044,1064
Cluster_900,900,4,0.00884740439273628,31.0,4031.0,31,31,4015,4041
Cluster_901,901,4,0.00884740439273628,31.0,2662.75,31,31,2652,2667
Cluster_902,902,4,0.00884740439273628,32.0,2424.25,32,32,2414,2431
Cluster_904,904,4,0.00884740439273628,48.0,1904.75,48,48,1893,1913
Cluster_905,905,4,0.00884740439273628,57.0,3580.0,57,57,3570,3594
Cluster_906,906,4,0.00884740439273628,43.0,1863.25,43,43,1854,1880
Cluster_907,907,4,0.00884740439273628,53.0,1664.5,53,53,1653,1672
Cluster_909,909,4,0.00884740439273628,48.0,1037.5,48,48,1033,1042
Cluster_910,910,4,0.00884740439273628,32.0,6274.5,32,32,6259,6284
Cluster_161,161,4,0.00884740439273628,38.0,4585.75,38,38,4582,4592
Cluster_911,911,4,0.00884740439273628,45.0,2702.25,45,45,2690,2718
Cluster_914,914,4,0.00884740439273628,54.0,2158.75,54,54,2152,2171
Cluster_915,915,4,0.00884740439273628,44.0,2457.75,44,44,2439,2470
Cluster_918,918,4,0.00884740439273628,36.0,2318.75,36,36,2309,2326
Cluster_919,919,4,0.00884740439273628,57.0,1835.5,57,57,1828,1841
Cluster_662,662,4,0.00884740439273628,27.0,1921.0,27,27,1913,1928
Cluster_666,666,4,0.00884740439273628,39.0,3502.25,39,39,3494,3518
Cluster_527,527,4,0.00884740439273628,26.0,904.25,26,26,895,915
Cluster_533,533,4,0.00884740439273628,26.0,3153.25,26,26,3145,3160
Cluster_535,535,4,0.00884740439273628,26.0,1644.0,26,26,1641,1646
Cluster_536,536,4,0.00884740439273628,29.0,2898.75,29,29,2891,2907
Cluster_537,537,4,0.00884740439273628,47.0,-409.25,47,47,-423,-401
Cluster_539,539,4,0.00884740439273628,42.0,3050.25,42,42,3038,3068
Cluster_542,542,4,0.00884740439273628,52.0,1997.25,52,52,1988,2002
Cluster_671,671,4,0.00884740439273628,40.0,1779.75,40,40,1777,1783
Cluster_920,920,4,0.00884740439273628,33.0,8032.75,33,33,8023,8047
Cluster_924,924,4,0.00884740439273628,38.0,5121.25,38,38,5115,5133
Cluster_928,928,4,0.00884740439273628,53.0,2688.0,53,53,2679,2693
Cluster_932,932,4,0.00884740439273628,39.0,-528.5,39,39,-540,-516
Cluster_933,933,4,0.00884740439273628,30.0,-559.0,30,30,-570,-548
Cluster_573,573,4,0.00884740439273628,42.0,4268.75,42,42,4253,4279
Cluster_641,641,4,0.00884740439273628,28.0,6323.0,28,28,6307,6332
Cluster_545,545,4,0.00884740439273628,35.0,-710.75,35,35,-718,-701
Cluster_642,642,4,0.00884740439273628,42.0,-470.25,42,42,-480,-465
Cluster_646,646,4,0.00884740439273628,33.0,3403.75,33,33,3401,3406
Cluster_651,651,4,0.00884740439273628,48.0,4413.25,48,48,4408,4415
Cluster_547,547,4,0.00884740439273628,36.0,1655.25,36,36,1653,1659
Cluster_546,546,4,0.00884740439273628,41.0,-275.75,41,41,-278,-274
Cluster_659,659,4,0.00884740439273628,57.0,2889.75,57,57,2887,2893
Cluster_557,557,4,0.00884740439273628,24.0,930.75,24,24,926,933
Cluster_993,993,4,0.00884740439273628,23.0,783.5,23,23,780,794
Cluster_994,994,4,0.00884740439273628,34.0,2995.5,34,34,2984,3004
Cluster_934,934,4,0.00884740439273628,38.0,3436.75,38,38,3419,3452
Cluster_935,935,4,0.00884740439273628,33.0,3814.75,33,33,3805,3827
Cluster_939,939,4,0.00884740439273628,35.0,2885.0,35,35,2878,2897
Cluster_941,941,4,0.00884740439273628,27.0,2736.75,27,27,2729,2752
Cluster_942,942,4,0.00884740439273628,27.0,1455.5,27,27,1444,1475
Cluster_943,943,4,0.00884740439273628,30.0,3406.25,30,30,3392,3418
Cluster_951,951,4,0.00884740439273628,47.0,1929.25,47,47,1917,1939
Cluster_944,944,4,0.00884740439273628,40.0,1644.75,40,40,1641,1646
Cluster_945,945,4,0.00884740439273628,62.0,1492.75,62,62,1486,1495
Cluster_948,948,4,0.00884740439273628,60.0,4249.5,60,60,4243,4256
Cluster_952,952,4,0.00884740439273628,56.0,1553.5,56,56,1539,1561
Cluster_949,949,4,0.00884740439273628,36.0,2694.5,36,36,2685,2706
Cluster_118,118,4,0.00884740439273628,44.0,1631.25,44,44,1617,1646
Cluster_957,957,4,0.00884740439273628,73.0,449.5,73,73,443,459
Cluster_637,637,4,0.00884740439273628,44.0,3436.75,44,44,3432,3444
Cluster_638,638,4,0.00884740439273628,28.0,3025.5,28,28,3019,3029
Cluster_119,119,4,0.00884740439273628,57.0,2147.25,57,57,2137,2155
Cluster_959,959,4,0.00884740439273628,28.0,2488.0,28,28,2474,2503
Cluster_960,960,4,0.00884740439273628,83.0,0.0,83,83,0,0
Cluster_964,964,4,0.00884740439273628,57.0,5945.0,57,57,5935,5961
Cluster_965,965,4,0.00884740439273628,67.0,1433.25,67,67,1430,1443
Cluster_636,636,4,0.00884740439273628,38.0,2986.0,38,38,2978,2998
Cluster_587,587,4,0.00884740439273628,44.0,6488.25,44,44,6485,6491
Cluster_590,590,4,0.00884740439273628,51.0,1491.5,51,51,1490,1495
Cluster_579,579,4,0.00884740439273628,51.0,-465.5,51,51,-471,-461
Cluster_581,581,4,0.00884740439273628,55.0,2165.0,55,55,2152,2171
Cluster_559,559,4,0.00884740439273628,54.0,1859.25,54,54,1849,1872
Cluster_567,567,4,0.00884740439273628,41.0,2840.25,41,41,2823,2852
Cluster_571,571,4,0.00884740439273628,55.0,2201.75,55,55,2193,2206
Cluster_570,570,4,0.00884740439273628,50.0,-572.25,50,50,-584,-556
Cluster_995,995,4,0.00884740439273628,36.0,3552.0,36,36,3537,3560
Cluster_1032,1032,4,0.00884740439273628,41.0,3356.75,41,41,3348,3371
Cluster_967,967,4,0.00884740439273628,62.0,1521.5,62,62,1515,1528
Cluster_969,969,4,0.00884740439273628,29.0,1227.25,29,29,1218,1238
Cluster_970,970,4,0.00884740439273628,27.0,2174.0,27,27,2159,2183
Cluster_971,971,4,0.00884740439273628,35.0,1937.5,35,35,1924,1949
Cluster_972,972,4,0.00884740439273628,74.0,931.5,74,74,921,935
Cluster_973,973,4,0.00884740439273628,60.0,1910.75,60,60,1900,1923
Cluster_104,104,4,0.00884740439273628,52.0,3163.5,52,52,3151,3175
Cluster_89,89,4,0.00884740439273628,54.0,2106.0,54,54,2102,2110
Cluster_975,975,4,0.00884740439273628,32.0,-632.5,32,32,-648,-616
Cluster_978,978,4,0.00884740439273628,40.0,2488.75,40,40,2471,2502
Cluster_619,619,4,0.00884740439273628,27.0,2068.5,27,27,2061,2074
Cluster_615,615,4,0.00884740439273628,36.0,2816.25,36,36,2806,2823
Cluster_596,596,4,0.00884740439273628,39.0,3247.5,39,39,3231,3261
Cluster_621,621,4,0.00884740439273628,50.0,2635.25,50,50,2629,2641
Cluster_991,991,4,0.00884740439273628,48.0,-139.75,48,48,-154,-130
Cluster_992,992,4,0.00884740439273628,32.0,6139.75,32,32,6138,6145
Cluster_597,597,4,0.00884740439273628,52.0,2908.5,52,52,2901,2920
Cluster_631,631,4,0.00884740439273628,29.0,2766.25,29,29,2753,2776
Cluster_982,982,4,0.00884740439273628,27.0,3098.25,27,27,3083,3110
Cluster_984,984,4,0.00884740439273628,37.0,2437.25,37,37,2424,2442
Cluster_986,986,4,0.00884740439273628,59.0,-194.0,59,59,-209,-182
Cluster_987,987,4,0.00884740439273628,58.0,3868.25,58,58,3858,3884
Cluster_860,860,3,0.0066355532945522105,30.0,3337.6666666666665,30,30,3330,3343
Cluster_725,725,3,0.0066355532945522105,39.0,2230.3333333333335,39,39,2226,2239
Cluster_653,653,3,0.0066355532945522105,28.0,-301.0,28,28,-303,-298
Cluster_931,931,3,0.0066355532945522105,31.0,3146.0,31,31,3142,3154
Cluster_938,938,3,0.0066355532945522105,56.0,-252.33333333333334,56,56,-256,-246
Cluster_947,947,3,0.0066355532945522105,35.0,1899.6666666666667,35,35,1891,1906
Cluster_980,980,3,0.0066355532945522105,48.0,-507.3333333333333,48,48,-513,-500
Cluster_105,105,3,0.0066355532945522105,38.0,1764.3333333333333,38,38,1759,1767
